0.47935075,0.4766997,0.48794055,-0.11980432,-0.32864022,0.4232462,-0.3951074,-0.2383076,-0.36121953,-0.18090296
0.036048293,-0.38190877,0.2958575,-0.25823373,0.28605568,-0.1814661,0.29349202,0.4640792,0.45832908,-0.23635024
0.05561632,-0.058993936,-0.2452817,0.10987079,0.3970989,0.3636213,0.14597559,0.36375767,0.01846844,0.17488128
0.4550811,0.15987432,-0.4527412,0.23575765,0.2386728,-0.27724636,0.3670869,-0.32793385,0.28871763,0.37041497
-0.017157197,-0.43986136,-0.33766657,0.18368888,-0.45843637,0.171238,-0.36026502,0.11101794,0.04873836,-0.43986273
-0.32151312,0.47776926,-0.09657204,-0.06104839,-0.04671192,0.03259498,-0.30695182,-0.49686772,0.14573419,-0.24873292
0.15764445,0.3584904,-0.06909293,-0.07470167,-0.3240106,0.23581898,0.19890034,0.4220432,0.2759642,-0.34652585
0.3034832,0.4922592,-0.14237136,-0.31766826,0.3519457,0.4401129,0.47489613,-0.413117,0.37896436,-0.031789303
-0.06823444,0.32898915,0.4052313,-0.21894777,0.26010543,0.3690915,0.3653366,0.47641653,-0.17044789,0.3417136
-0.0747515,-0.05112642,0.25742024,-0.12949163,0.25321805,-0.017330587,-0.4919458,-0.4078185,0.26377684,-0.27331692
0.48467934,0.036566198,-0.32916677,0.2332316,-0.3008768,-0.051089227,0.08184314,-0.19449925,0.17625123,0.44735956
-0.14731926,0.25103378,-0.221578,-0.027951598,-0.39023674,-0.042724133,0.17135161,0.24633777,-0.18520653,0.35539985
0.020063698,-0.20649844,-0.25010884,0.23331445,0.0057440996,0.30883068,0.27520484,0.38708693,-0.25345647,-0.4751668
-0.081266224,0.0125494,0.17764056,0.11278564,0.21458584,-0.2196511,-0.38038665,-0.04786831,-0.24930763,0.031221032
0.12133825,0.48863453,0.29956263,-0.49402183,0.1180433,-0.29871172,-0.07983166,-0.24312425,-0.4722047,-0.1592552
0.2566508,-0.44699806,0.48400342,-0.17350554,0.24452889,-0.30164182,-0.38212043,0.32921487,0.043970585,0.13712162
-0.082361996,-0.4145593,-0.47762913,-0.27983958,-0.42838883,0.18117595,-0.15159386,-0.36558992,-0.0454998,0.45651364
-0.42503822,-0.36347604,0.34390956,0.29770213,-0.46687305,-0.001706481,0.4950062,-0.1952923,0.2529633,-0.26579398
0.46566558,0.3930081,0.025614262,-0.122463524,0.4111482,-0.42365456,-0.31029803,-0.4661932,-0.11042166,-0.038386703
0.32441175,0.37382394,0.096434295,-0.14939052,0.3988914,0.32352054,-0.29161108,0.44719905,-0.022178173,-0.43295932
0.14466286,-0.20215994,-0.24452746,0.11916101,0.043714166,-0.1982426,-0.096129715,-0.3251536,-0.042110324,-0.004494846
-0.05168307,0.26057035,-0.17843461,0.18726152,-0.30591303,-0.25184524,-0.023154497,0.12204659,0.19487941,-0.18434435
0.3242572,-0.22278363,-0.44609535,0.42986518,0.48050833,-0.22040474,-0.45776284,0.44883502,-0.45227396,-0.2979827
0.06879169,0.065478384,0.2443775,-0.119696915,-0.31894332,0.30810672,-0.17997348,-0.37244636,-0.11778587,0.45133954
0.41388237,0.2288273,0.10315764,-0.32445502,0.43912745,0.19275904,0.4604339,-0.40716702,-0.39622295,0.05640155
0.19931287,-0.39750588,-0.0062823296,-0.45630682,0.11970198,-0.10730952,0.4773416,0.19105405,-0.013159335,0.22697741
0.21003044,0.16903156,0.31080508,0.0915547,-0.36894494,0.37900054,0.3481964,0.03765762,0.26722878,-0.40217763
0.44422966,-0.3587042,-0.48396856,0.46228004,-0.06424618,0.29810387,-0.28692222,-0.49324626,0.2515335,0.4458115
-0.47824544,0.15542257,-0.36183012,0.41068453,0.40524787,-0.3474154,0.33831477,0.088632286,-0.30366093,0.003765583
-0.14358234,-0.32619107,0.38543403,-0.4371497,-0.44257212,0.16454828,-0.2607695,-0.46809477,0.37686402,-0.26184446
-0.09513897,0.015429616,0.14030457,0.102357805,0.16044915,-0.21704048,0.4331032,0.34313,0.2672577,0.39470553
0.12415993,0.2231912,-0.13761121,0.4265414,-0.44667596,-0.4410028,0.38088226,-0.4498526,-0.09994626,-0.3761199
0.34855622,-0.3779196,-0.183918,0.031150103,0.33498418,0.41313803,-0.093131125,-0.31753278,-0.3345828,0.4914987
0.32009757,0.37990487,0.22066355,-0.17704439,-0.47309047,-0.30868435,0.44010222,-0.003133595,-0.19968313,-0.18559474
-0.4627124,-0.4696954,-0.030873954,-0.40737653,-0.41021818,0.08902031,-0.16008776,0.13403833,0.39082903,0.46634448
0.17929363,-0.48512036,-0.015438974,0.23315996,0.28990602,0.1328628,0.42108607,0.0016849041,0.45059264,-0.3790635
-0.090878904,0.35794038,-0.49303442,0.20241082,0.47829443,0.068614006,-0.28097123,0.4810992,0.123440325,-0.40964735
-0.37822473,0.22707975,0.39382052,-0.011366308,-0.1714328,-0.2195009,-0.39310515,0.38533026,0.16523081,0.30772817
0.35502684,-0.06055087,-0.24832743,0.14164811,-0.24664468,0.13103902,-0.36357838,-0.49156332,-0.16007906,-0.2783417
0.32804716,-0.28310722,0.10034448,-0.27973098,0.32581854,0.2411372,0.45289683,0.44155395,-0.32654834,-0.23356271
0.35690337,0.24727327,0.34894288,-0.49792898,0.2267133,0.30935627,-0.38111055,0.3068089,0.2830971,-0.44546735
0.4265108,-0.40106374,0.056653857,0.05322653,0.3581286,0.26291054,-0.044638872,0.23093122,-0.3361069,0.18247104
0.18040466,0.2625913,0.34027553,0.0994125,0.16318822,-0.26452267,0.12873316,-0.47193873,-0.41166532,0.4116758
-0.26863623,-0.08591944,-0.041826725,0.22346407,0.051831603,-0.23404914,-0.22677606,0.48036957,-0.29921216,-0.32191002
-0.08087736,-0.4530816,0.17466879,-0.00588423,-0.22820175,-0.12947088,0.14702362,0.1555742,0.2757094,-0.49995393
0.14145249,-0.35698533,-0.15236467,0.35897583,0.116084635,0.18280995,-0.08543044,-0.16796672,-0.3999517,-0.47518384
0.33557308,-0.4577971,-0.3500312,-0.110417545,-0.07710153,0.44301128,0.35356987,0.41861206,0.022379696,-0.18527305
0.20737344,-0.12777907,-0.037577093,-0.23325026,-0.18069303,-0.3581261,0.38969117,0.09151852,-0.013974369,-0.03692043
-0.009611666,0.3353303,0.2635587,-0.0045660734,-0.2695412,-0.4822855,-0.035584986,-0.062105298,0.27971494,-0.3659616
-0.31835532,-0.16759908,0.15305346,0.0013026595,-0.436553,0.043368697,-0.18084359,0.1948489,-0.032472074,0.46419573
-0.37935895,-0.1250984,-0.123101115,0.2553478,0.2350015,0.028479695,-0.278871,0.3646314,-0.10646242,0.06084895
-0.23013365,-0.11786258,-0.2617609,-3.8146973e-05,-0.44969392,0.02973783,0.1491245,0.48562193,-0.048200607,-0.43871868
0.4909259,-0.4551531,0.18984318,-0.30567527,0.0045010448,-0.49609125,-0.25370067,-0.39418888,-0.3206907,-0.10556227
-0.13991076,-0.29516917,-0.0601663,-0.018034637,0.2314558,0.3454001,0.0064113736,0.1384682,-0.48641986,0.26743215
-0.035434186,0.3305478,-0.06816411,-0.37306052,-0.0931533,-0.45573282,-0.40030444,-0.051802933,0.37970012,-0.033444464
0.1007489,0.46026748,-0.23231232,-0.24219424,0.13394892,-0.05588925,-0.25901115,0.05900836,0.42661738,0.34998882
0.31141132,-0.3746711,0.34959668,0.42850137,0.36571932,0.07970899,0.029867113,-0.037466645,0.13865519,-0.056606293
0.44307452,-0.450109,-0.17728639,-0.22497392,0.46314263,0.119929135,-0.107708216,0.41901213,-0.44771695,0.42068243
0.43546945,-0.24393648,0.06828153,0.036146283,-0.13487351,-0.19407588,0.29142392,-0.13214833,-0.48708862,-0.1489029
0.27346605,-0.067192316,-0.25247204,-0.49673796,-0.46506488,-0.045131266,-0.39755368,-0.18604106,0.2846076,-0.23635042
0.0052829385,0.07241303,-0.39797217,-0.008981347,-0.23152947,0.21968883,0.14475018,-0.036213636,0.40943038,0.35111344
0.35685575,0.28833264,-0.22165424,0.041047215,-0.06227714,0.44628525,0.1897214,0.14638597,0.48462623,-0.07859594
0.45426875,-0.27366775,0.40659064,-0.33754277,-0.38995755,-0.14524782,0.08581936,-0.2543512,-0.41523796,-0.03213775
-0.17062587,0.27647525,-0.049070537,-0.4613253,0.1488465,0.28204024,-0.2976569,-0.33186573,0.1409862,0.08884603
0.41667926,-0.49559087,-0.0003581643,0.33314908,0.43692392,0.21753943,0.19412845,-0.32156748,-0.3013894,0.4188934
0.46478277,-0.14746273,0.15775341,0.112380564,0.05005634,-0.28375882,-0.20942062,-0.0014362335,0.025324404,0.18330872
-0.023922741,-0.30227554,-0.42917132,-0.17397064,0.31094736,-0.066399455,0.38903004,0.055101514,-0.4439724,-0.20877689
-0.04594922,-0.027126491,-0.20245016,-0.3958521,-0.1772927,-0.062092364,0.21970499,-0.47882032,-0.42298537,-0.3209687
0.3274547,0.41307014,0.31758666,-0.29315448,0.45619726,-0.13588011,-0.38267356,-0.31888503,0.37973624,0.0851357
-0.28444088,0.08820009,0.08393949,0.39299095,-0.19978237,0.23289806,-0.08409375,0.44363177,0.36112797,-0.30521613
-0.24865615,-0.2589205,0.21178657,0.3659535,0.08341116,0.37009227,0.34354067,-0.3661819,-0.1050753,-0.13711327
-0.26559228,-0.48639655,0.3964424,-0.26638913,-0.29806638,-0.15417445,0.10272837,-0.19148362,-0.25063008,-0.37876964
0.015761375,0.4532596,-0.23515111,-0.1421839,0.47303027,-0.027472079,0.29696226,0.19475967,-0.142061,0.315284
0.485682,0.3894865,-0.17141473,0.08759469,-0.3415361,0.38409138,0.39962667,0.05400276,-0.18866354,0.29555684
-0.2015692,-0.25767082,-0.08752823,0.24947232,0.33883792,-0.24094057,-0.12010199,0.07689363,-0.016875923,0.43568456
-0.443636,0.11426383,-0.3489732,-0.429415,0.23702604,0.39302355,-0.042629063,0.019607544,-0.30525255,-0.4158879
-0.06417215,-0.1258558,0.3182487,0.23272628,-0.4795071,-0.40701967,0.32685333,0.16778761,-0.07758045,0.4963128
-0.43863922,-0.31080163,0.028274655,0.13762945,0.2543205,0.4236163,0.009498119,0.3124864,0.09800613,-0.26464337
-0.4358753,0.15991259,0.19964796,0.37411064,0.13964242,0.17959774,-0.055722535,-0.32697976,-0.34075123,0.3231961
-0.2902344,0.34238428,0.37629282,0.37523723,-0.3964309,-0.3780707,0.04862708,-0.112067044,0.18317276,0.025469065
-0.37940967,-0.3734454,-0.37611842,-0.10504264,0.45169556,0.41561854,0.3363672,0.25522858,0.2644592,-0.4370448
0.20593643,0.23369032,0.3709377,0.03400427,0.06360912,0.47601753,0.16264951,0.18890929,-0.014972866,0.4889903
-0.33559138,-0.10423976,0.2957353,0.28322887,-0.19873583,0.3043124,0.32308978,-0.36797178,0.4670921,-0.30486536
0.48859978,0.052990913,-0.1627366,0.31557506,0.40139884,-0.24301815,0.43837893,-0.4802131,-0.27772778,-0.19696736
0.12213457,-0.13559836,-0.30824292,0.10896373,-0.34089762,-0.31221247,0.020058692,-0.24038559,0.12371409,0.1215893
-0.05369407,-0.36815792,-0.036208153,-0.0842101,-0.44602317,-0.070578516,-0.06998265,-0.37005478,-0.4337436,-0.35286456
-0.40098226,-0.105820954,0.077217996,0.23897904,-0.39894873,0.1401645,0.3811832,0.29161,-0.18743002,0.15462959
-0.09040761,-0.45050758,0.42975962,0.3018499,-0.3856799,-0.20253956,0.22311556,-0.08524716,-0.47113127,-0.27578253
0.08524966,0.22448719,0.48532623,0.3018428,-0.18607998,0.35890454,-0.02167219,-0.24272251,-0.4434849,0.11322886
-0.35274506,-0.17481184,-0.46742558,0.32088405,0.0078469515,-0.3696376,0.32162637,0.28199208,0.11425555,0.06258112
-0.3307768,-0.29360634,0.19123346,-0.46449155,0.41385686,-0.4031278,-0.13716745,0.3754092,0.11146575,0.2246927
-0.12937284,0.25720036,-0.10407704,0.0494408,0.08902335,-0.115246475,0.2946902,-0.10375059,-0.24437588,-0.4413064
-0.115757406,0.105742335,-0.33324748,0.17765611,0.4581322,-0.39312273,-0.32904357,0.32618165,0.04867196,0.18708068
-0.11981392,0.44716203,-0.09946549,0.45565283,-0.38502538,0.3362043,0.31840926,0.0021436214,0.42035884,-0.08155161
0.21190673,-0.48592383,0.3462528,-0.12636346,0.027202785,-0.36775255,-0.3048132,-0.471448,0.30525947,0.118332446
-0.13779688,0.094567895,0.08001095,0.2261163,-0.377178,0.097266555,-0.1344443,0.045702994,0.0034508705,0.07652134
0.14093095,-0.074150026,0.42549217,0.34132946,-0.08254963,-0.43026,0.2174831,-0.46199006,-0.45915592,-0.4748826
-0.49244314,-0.03433603,0.24108994,0.21018958,0.011374235,0.27165717,-0.31731308,0.060049057,0.38215178,0.31826717
0.14304471,0.31527716,0.13438064,-0.30031264,-0.48018378,-0.28348577,-0.013467133,0.3602094,0.12439704,0.496601
0.264476,-0.29984856,-0.07855433,0.10347861,0.030613422,-0.23001301,-0.36500198,0.045781612,-0.3740182,0.43512315
-0.17177439,-0.28104693,-0.35532355,-0.44950336,0.0015195012,0.07997322,-0.35432088,0.33365452,0.29156077,0.03745842
-0.18165088,0.07454747,-0.13817275,0.12171185,-0.09639454,-0.013260245,-0.41965032,-0.43142694,0.0010715723,-0.010905147
-0.47800583,0.0955205,0.003074944,-0.44342464,0.3889178,0.16720182,0.42994142,0.28555453,-0.007065296,0.43524814
0.49228787,0.21528113,-0.1252073,0.40316892,0.051333845,0.3446532,-0.43673086,0.19741714,-0.46110135,-0.16960722
-0.0038963556,-0.44266456,-0.11418337,0.47519416,-0.49516755,0.12857378,-0.06739223,0.45005888,0.20580196,-0.34336638
0.21911174,-0.27758437,-0.28123266,0.069405615,-0.49051255,-0.21644115,-0.3702669,-0.47813576,0.29088956,0.1556791
-0.4148504,-0.30587035,-0.27324104,0.35394275,0.04593247,-0.3963741,0.10516763,-0.15716356,-0.087771356,-0.1817196
0.43205816,-0.23316878,-0.21155089,0.060358346,0.036712468,0.036484838,-0.23286903,-0.40908003,-0.40567762,-0.11128777
0.17888051,-0.039275944,-0.4928164,0.36582005,0.33161402,0.28096622,-0.026306927,0.32435322,-0.16959584,0.117296875
-0.20543665,0.0112323165,0.021124303,0.44479758,-0.2749372,-0.004024625,-0.29404306,-0.02680868,0.022837818,0.076526225
0.4631815,-0.19668174,0.4660563,0.38304245,0.49600202,0.02288264,0.46680832,0.050787985,0.3340056,-0.28015798
0.42706406,0.047712266,-0.41782397,0.021978855,0.11806494,-0.25640154,0.09971905,-0.07227063,-0.27588767,-0.40206861
-0.07494539,-0.278773,-0.38951123,0.41148895,0.3370908,0.37817353,-0.44282407,0.32960844,0.037668765,0.22111756
-0.37517542,-0.17620963,0.20872849,-0.42361993,0.41076934,0.22933751,-0.11029792,-0.3242833,0.12768227,0.19511437
0.06438923,0.2738579,0.06289554,-0.12096113,0.43471432,-0.44687706,0.22033983,0.127868,-0.10050833,-0.08169013
0.35172766,-0.43827337,0.009079337,-0.1007393,-0.0445866,0.42637724,0.12198377,-0.28990299,0.18132776,0.3615654
0.4469908,-0.027656674,-0.18486547,0.12024617,0.27214843,-0.2261576,-0.16086555,-0.15245062,-0.26100057,-0.43696773
-0.15805745,-0.41105044,-0.07565814,0.009003341,0.16229916,-0.24814093,0.12036008,0.26830077,-0.17388004,-0.15183651
-0.20038348,0.36655557,0.3247829,0.32112944,-0.3266937,-0.28415293,0.13746834,-0.38339913,0.14723337,-0.17737675
0.10083079,0.05899632,0.029654503,0.34912884,0.34187782,0.47919804,0.4938761,0.28554696,0.021954775,-0.17182809
0.44981867,0.47773856,0.46588206,0.40008378,0.024981081,0.01677525,-0.35700166,-0.10892087,-0.20736021,-0.1251443
0.16131836,0.48440897,0.24975383,-0.10828632,-0.33389097,0.14385962,-0.28746367,-0.37944466,0.076518714,-0.38690513
0.014865518,0.22710651,0.04447621,0.371877,-0.39078635,0.06086552,-0.015834272,0.35004216,-0.46974885,-0.49542582
-0.22299987,-0.12322831,-0.48770505,-0.47186542,-0.13282686,-0.11018813,0.4972294,-0.18844163,0.48612666,-0.13895243
-0.42504847,-0.34695262,0.2003876,0.24726725,0.40180284,0.49540544,-0.26274008,-0.49552262,0.49294084,0.14380914
0.43373448,-0.16982162,0.46810746,0.042598724,0.17602807,-0.07649934,0.3747788,0.46943265,0.48644012,-0.301423
-0.13849425,0.1039561,-0.47473872,0.22520113,0.1418271,-0.36934888,-0.3513226,0.18081248,-0.06030929,0.32673067
0.076860785,-0.05769527,0.0013720393,-0.4051882,0.47317004,-0.37310833,-0.20402306,-0.024985135,-0.0148076415,0.23004192
-0.45085073,0.12425095,0.34794545,-0.39564317,-0.39774704,-0.16658765,0.2117371,-0.21425182,0.19237518,-0.15369731
-0.37806344,-0.38381273,0.3196035,0.00028824806,-0.20935065,-0.15278381,0.21190572,0.22389317,0.21240348,-0.4143384
-0.01626724,-0.30151886,0.26935655,-0.45387173,-0.3298009,-0.135674,0.4423954,0.29012352,-0.18731248,-0.37469304
0.24554801,-0.07912886,-0.49068213,0.18097532,-0.19651675,-0.3560024,0.18765694,-0.4821939,0.36369568,-0.48125744
-0.0743745,0.07348639,-0.49307877,-0.21117932,-0.061056793,0.17243749,-0.18693459,-0.29146385,0.24430758,0.010327876
0.1967606,0.39295125,-0.42756522,0.09390098,0.15681618,0.13323784,0.45370656,0.45528042,-0.39488882,-0.15586406
-0.1965369,-0.051137984,0.009684145,0.14453399,-0.009463549,-0.03772974,-0.093194425,0.09005129,-0.20401931,-0.49519056
0.3645444,0.042681813,0.3984812,-0.24355477,0.20632648,-0.12967336,0.15071458,0.2884065,0.46868604,-0.17189252
-0.14689863,0.36735302,0.36530578,0.18035883,0.39084876,0.2522893,-0.31574786,0.11703384,-0.44755566,0.47530073
-0.2768343,0.409985,0.02368474,0.3898186,0.43983883,0.25923508,-0.42601907,-0.4569053,0.10078329,-0.46361625
0.13439429,0.30826306,0.46577615,0.47839743,-0.13519514,0.15890664,-0.4869191,-0.11118424,-0.116892755,0.13722646
0.04172653,-0.30985087,0.40687603,-0.08964276,0.07310891,-0.1287852,-0.12676871,-0.21467167,-0.09076023,-0.33420986
-0.22087228,0.4380837,0.31537455,0.49171424,0.10818565,0.06092298,0.38333583,0.058410764,-0.23114818,0.46236664
0.2436474,0.17982984,0.03269136,-0.45082074,0.20573735,-0.21240437,0.097524166,-0.09667015,-0.3139277,-0.107330084
-0.32449067,-0.28049046,0.46134138,-0.10722798,0.41312832,0.21215278,0.04903674,0.29238737,-0.16128987,0.37009227
0.3917268,-0.316877,-0.19723952,-0.06975049,-0.067326605,-0.3499515,-0.17379987,-0.2243883,0.25792158,-0.4402796
-0.14261574,0.13288939,-0.20137787,-0.20692307,0.2651627,0.40072304,-0.35607147,-0.21040052,0.27840376,-0.41610807
0.13718325,-0.050741553,-0.1865415,-0.28977764,0.09379709,0.11945015,-0.4886484,0.037269473,-0.039565384,0.42570132
0.15802956,-0.1766206,-0.27930623,0.24772584,0.16796303,0.29759824,0.1754008,-0.44911778,0.49127614,-0.24008411
-0.25251687,0.24266022,-0.031431735,0.14229113,0.21258634,0.1713813,0.27412415,-0.07699764,0.45398086,-0.45120966
0.019221067,-0.2723086,-0.4044038,-0.024829626,-0.047983587,-0.09471983,-0.08892983,0.34980708,0.125467,0.35345083
0.15420806,0.45298874,0.39913982,0.48892957,0.23754871,0.38712448,0.26041973,0.14128387,0.40129483,-0.0283553
0.20512849,-0.30885828,0.40084493,-0.421915,0.086068094,0.07371271,-0.18688726,0.1689179,0.14794344,0.11695266
0.14767748,-0.4151351,0.2561407,0.31874007,0.029515147,-0.46500462,-0.058444142,0.06038803,-0.13242757,-0.3935281
-0.09537554,0.49913514,0.24839967,0.12463206,0.30038863,-0.20209974,-0.34335494,0.3741994,-0.23363256,0.17971188
-0.3354078,-0.24428463,-0.30941224,0.38378572,-0.40356022,0.47777015,-0.41777265,0.036522806,0.055948615,0.12546569
-0.25911295,-0.06638825,-0.4565823,-0.4102798,-0.4839598,0.3692791,-0.28545964,-0.3588149,0.2888689,0.163715
0.06928611,-0.044362724,-0.18442452,-0.2369768,-0.3566969,0.23673713,0.47037184,0.32862574,-0.4348926,0.31831163
-0.4325729,-0.3015741,-0.40817672,0.057652295,0.23289192,-0.3331319,0.04396093,0.24956137,0.4360252,-0.23256797
0.003567934,0.37425262,-0.25675684,-0.4925409,0.13570422,-0.37381315,-0.4880271,-0.39830762,0.28937083,-0.24171871
-0.41575074,0.08322799,-0.27017075,0.33728045,0.19071782,0.13757735,0.2409293,0.19054997,0.46037894,-0.3922295
-0.26965755,-0.29035038,0.054238558,0.31483155,0.3365183,0.19071293,-0.3178985,0.4439844,-0.38721675,-0.3413316
-0.42612964,-0.36773908,0.38982928,-0.23776609,0.4520715,0.29409158,-0.056672633,0.007977366,0.4455065,0.11620903
-0.21637774,-0.32574308,-0.46403188,0.105454266,0.21443331,0.055745184,0.14622581,0.17516619,-0.19735152,-0.058375776
0.038289785,0.14171112,-0.06593239,-0.075392425,0.41265452,0.05894929,0.38175702,-0.24917209,-0.21367127,-0.45698398
0.44078732,-0.31933928,0.040101588,-0.30518997,0.114326596,-0.4254319,0.032973588,0.4133491,-0.034348547,-0.35922706
0.33368725,0.37875122,0.14758044,0.44583493,0.4216717,0.38644367,-0.17533451,0.49065596,0.075511634,0.36465633
-0.2098983,0.20636338,0.4664706,0.31606424,-0.04940498,-0.13082266,0.26154488,-0.20045102,-0.29106557,0.3630154
0.43664545,0.09432769,0.047985375,-0.4292755,-0.20002407,0.0035864115,-0.4975394,-0.03636819,-0.13009578,0.48024082
0.19832176,0.059517086,0.38953102,0.41183704,0.3702379,-0.4486239,0.37948936,-0.21429586,-0.090533435,0.14325994
0.4592085,0.10809922,-0.12520373,0.17835039,-0.11899108,-0.3442397,-0.28276467,-0.1614731,0.37643647,0.27464515
-0.37526727,-0.4320705,-0.44884068,-0.2520554,-0.21015865,-0.005586803,0.4121406,-0.375888,0.21228951,-0.36364275
0.34391004,0.12107283,0.20098579,0.007868588,-0.031738758,-0.19671714,-0.1279223,0.20684618,-0.067175984,-0.081744075
0.42035967,-0.36050504,0.478217,0.01263088,-0.38879234,-0.38980705,-0.081232846,0.49218315,-0.20411575,0.13299209
0.31723428,-0.34186578,-0.050394297,0.07625872,0.28778487,-0.13777924,-0.22198611,0.2493934,-0.17667657,0.4095738
0.3229376,0.06612414,-0.24589574,-0.091172814,0.20123976,-0.37016153,0.39010155,-0.22306132,0.11939365,0.006193459
-0.32169747,-0.21233863,-0.12668067,-0.23121005,0.033596456,-0.10437089,-0.36932927,-0.29739517,0.43089622,-0.115302324
0.3775773,0.18219995,0.40275848,0.24724817,0.113672435,-0.47189027,-0.27676237,0.28391653,-0.2958672,0.30437386
0.092559755,0.1092726,-0.21334094,-0.10493171,0.3687657,0.38034075,0.0022158623,-0.38303947,-0.16246802,0.29146576
-0.03523165,0.25553155,0.36229044,0.33492887,-0.4756406,0.2469809,-0.13815802,-0.3881114,0.10755199,-0.47501004
0.27922672,0.24305397,-0.38718736,0.19555259,0.46954578,0.037097752,-0.11162722,-0.37258726,-0.17683578,-0.30949324
0.08044368,0.02027899,-0.30884784,0.19396448,0.3037656,0.46710867,0.02634579,0.120964766,-0.47551328,0.38127577
0.48470008,0.31880826,-0.49333054,-0.42805618,0.38684762,0.24915743,0.10781741,0.4169852,0.47369486,0.38786966
-0.18108994,0.1621502,-0.4713788,0.05621934,-0.36416024,0.026733816,0.28152496,0.093432605,0.44436318,-0.15689814
-0.31225103,0.20272493,-0.08048761,0.2648949,-0.062011182,-0.22970766,0.2268393,-0.18896765,0.45383114,-0.17882144
0.25025022,0.21103466,0.18914425,0.13251573,0.1345765,0.04084164,-0.2539243,0.31062895,0.020325482,-0.45387697
0.11797297,-0.18748504,0.21193725,0.48892885,0.015417755,-0.35457838,-0.4815669,0.39981806,0.21800905,0.2061202
0.4717719,-0.10193455,0.29495162,-0.03658527,0.18346506,0.066533804,0.41627693,0.3137818,-0.016118288,-0.091676414
0.43517745,-0.4259048,0.37392592,0.39217418,0.023703635,-0.45348746,0.20315105,0.27302063,0.19300568,0.34838802
-0.02553749,0.2517175,0.26640433,-0.21691263,0.44311708,-0.49354225,0.21873897,0.027658522,0.2890702,-0.09243703
0.27283746,-0.12877399,-0.060104907,-0.4637378,-0.05222565,-0.012087047,0.3737476,0.44917405,-0.25408673,0.12227076
-0.071293294,-0.089309335,0.3633383,-0.3450088,0.21626079,0.19244611,0.29760218,0.07714319,-0.463997,0.4181406
0.14840406,-0.16424733,-0.49431354,-0.088273644,-0.36807787,-0.32526284,-0.3460726,0.064144015,0.025691152,0.4982729
0.37267935,-0.29904377,-0.047181487,-0.36618793,-0.13510257,-0.3595013,0.48218596,-0.1743828,0.21242636,0.40669203
-0.18124443,-0.16899723,-0.26854634,-0.040371537,-0.43615746,0.44452268,-0.20504248,-0.11832172,-0.11239356,-0.07879698
0.43913817,0.44503266,0.26468003,-0.22047675,-0.12314987,-0.31190073,-0.2973829,0.2287733,0.44616818,-0.08698577
-0.40012676,0.078268826,0.42500615,0.4581017,-0.07074964,0.26083654,-0.009679019,-0.045506418,-0.23742652,-0.3576514
-0.24059576,0.34452188,0.0041068792,0.0928241,0.1917547,-0.413221,0.16752869,0.46948224,-0.31423217,-0.11279231
0.44634938,-0.46424556,0.36755443,0.4445967,0.074578226,0.1137526,0.13022155,-0.045793653,-0.17607808,-0.04191792
0.3366937,0.45411545,-0.49762392,-0.19989395,-0.15688151,-0.14407039,0.42655694,-0.34908974,0.004937589,-0.26637256
-0.14408666,-0.4534613,-0.072938085,-0.15147144,0.07538402,0.2856809,0.3712442,-0.037199676,0.26467997,0.00696373
-0.22599876,0.17090756,-0.18063277,-0.05670041,0.16896355,-0.29671872,-0.38041627,0.39088488,0.12740034,0.13583916
0.1949203,0.35712075,-0.11445755,0.095828,0.42941707,-0.017840624,-0.33993548,0.38322878,-0.011954904,-0.48332494
0.14951825,0.43953592,0.33485395,-0.32525116,0.2508433,-0.41872752,0.30916458,-0.23341566,0.06550002,0.18693715
-0.4190905,0.13962895,0.076946795,0.38078266,0.18855315,-0.39406836,0.077783406,-0.3348692,-0.1655584,-0.44770843
-0.47852665,0.40914893,0.06866741,-0.0031978488,-0.021620452,-0.18952888,0.19903737,-0.33324665,-0.45240378,0.47249156
-0.03971702,0.09558743,-0.060657024,0.11216891,0.011731982,0.18392056,0.18563426,-0.42927653,0.42038184,0.25756103
0.43091863,-0.18709147,-0.06562388,0.13100147,0.32901728,-0.38235724,-0.18678737,0.26867706,-0.12907666,0.46442717
-0.47964013,-0.050785482,-0.28130817,0.1294241,-0.47426736,-0.34215713,-0.0047937036,0.33178782,0.005569935,0.014967382
0.16174698,0.07133573,-0.45944023,-0.27195537,-0.45341557,-0.24927056,-0.21205717,-0.37078625,-0.049345434,0.03295523
0.18836033,0.15408713,-0.41090536,0.040960908,-0.3494889,0.1874628,0.40168834,0.358029,-0.00182271,0.18569738
-0.3286757,0.01002425,0.45553505,0.3008901,-0.022638619,-0.49444127,-0.03171283,-0.19981456,-0.31722027,0.4519946
0.105226934,0.08906716,0.32777333,0.322676,-0.06314951,-0.048962176,-0.16707617,0.46866286,0.06088382,0.3586259
-0.20043528,-0.31404412,-0.39957875,-0.2533418,-0.23881936,-0.17247522,0.365263,0.12992316,0.07659429,-0.15312064
-0.0024442673,-0.1497401,-0.43301332,-0.3697465,0.09603244,-0.23442471,0.044154525,-0.3499387,-0.42795753,-0.081594646
-0.30515754,0.096455276,-0.0042563677,-0.05459118,0.28425252,0.37089723,0.267694,0.47241497,-0.3739336,0.33372343
-0.4496457,-0.09009457,0.026536226,-0.14475518,-0.14202982,0.13610286,-0.31200677,0.12348914,-0.013908923,0.12935913
0.12884748,-0.21532178,-0.43634856,-0.17114669,0.035745203,0.32224268,-0.19566202,0.18483001,-0.3942694,-0.30903637
-0.3152145,0.2740624,-0.08851105,0.017716408,-0.1720792,0.24341124,-0.44985467,-0.051875293,0.14892358,-0.2916801
-0.26489127,0.18090308,-0.13731998,0.32962298,-0.027486801,0.025923908,0.13460374,0.38485718,0.19020146,0.48064274
0.20117342,0.12803,0.33323276,0.31214142,-0.13412172,0.37031466,-0.3960641,0.43328953,-0.26964158,0.008919597
0.13033402,0.36475998,0.37116766,-0.18978715,0.40066528,-0.36313283,0.139498,0.36965406,-0.3083468,-0.11292666
-0.24888146,-0.06718773,0.31622362,-0.17602128,-0.33668315,0.40415794,0.12830293,-0.48594248,-0.28845203,-0.0008457303
0.01021558,-0.007510066,-0.23679727,0.48089838,0.15599531,0.4053545,-0.3028205,0.25434333,-0.40546763,-0.21943676
-0.3338613,0.25285697,-0.2530061,-0.076389074,0.14197576,-0.2189725,-0.48508894,0.09860343,-0.47188342,0.39278013
-0.39687318,0.018017411,-0.043989062,0.31082922,0.24677211,0.01867038,-0.10360801,-0.26152593,0.48290277,0.3021546
0.2874906,0.45111823,0.04111606,0.011206508,-0.33147353,-0.49451536,-0.24546003,0.08334988,-0.41312492,-0.49807996
0.01289773,-0.46854943,-0.48685974,0.17917043,0.0027306676,-0.16586709,-0.28219044,-0.1627726,-0.066830456,0.1286676
-0.47855288,-0.44686848,-0.1712166,0.49683493,0.33969933,-0.354007,0.32571036,0.2712518,0.0710122,0.40136963
0.30847716,0.15691727,-0.2643125,0.14288431,0.39208847,0.39942414,0.23693383,-0.37600172,-0.20518619,0.16047287
0.31176746,-0.108946145,0.064915895,0.24906671,0.20406336,0.034763396,0.30865258,0.030923009,-0.07702148,0.40643054
-0.39266354,-0.29635167,-0.075994015,0.30382335,0.15989941,-0.36948943,0.27471167,0.0872789,-0.04215169,-0.25534177
0.31175494,-0.3153575,-0.06782383,0.4973936,-0.14646703,0.03867811,0.18386018,0.37069488,0.15224093,0.22470963
-0.06574029,0.25471348,0.36005402,0.15411901,-0.18225217,-0.112898886,0.49647266,-0.23833466,-0.20975316,-0.081243515
0.36454648,0.07610637,0.45029688,0.35862893,0.2838335,0.37763566,0.49204808,-0.10109013,-0.38136798,-0.49061394
0.08452362,-0.090305805,-0.1292479,0.037471294,-0.38115644,0.0010470748,-0.4250942,-0.40850228,-0.4791773,0.36632568
0.30612624,0.16362566,0.27246958,0.40709847,0.46465433,0.05371344,-0.14343125,0.26748127,-0.019571245,-0.3676077
0.18704206,-0.14421809,-0.4615804,-0.44300282,0.1866976,0.074899375,-0.43200016,0.12449998,0.26201737,-0.17361224
-0.005563915,-0.13934958,-0.39384025,-0.081985354,0.40732974,-0.28499705,-0.12145871,0.2749446,-0.39869946,-0.0029111505
-0.42305386,-0.20551431,0.079610646,0.2974524,-0.33100152,0.4062668,0.25249612,0.19301641,0.36834258,-0.15165216
-0.43575358,0.10992044,-0.08198649,-0.14864862,0.46784163,0.12519854,0.17555988,-0.23910248,0.05911082,-0.3285473
-0.41035646,0.06914848,-0.25029474,-0.118014276,-0.40550476,-0.4095719,0.22399402,-0.14000273,0.10209769,0.13070154
0.10453868,0.38500166,-0.30321026,0.41205812,-0.41737425,0.35996103,-0.47498262,0.4780792,-0.43678737,-0.21001095
0.45677614,0.44622755,-0.30648154,-0.034953058,0.24512994,-0.14308858,-0.37478995,-0.13126314,0.23275012,0.46783197
0.045172095,0.49190164,0.23555464,0.47005516,0.24155241,0.28471875,0.40769374,-0.4958371,0.23770112,-0.22946644
-0.28616452,-0.0064042807,0.40127194,-0.15116286,0.12982863,-0.23153228,-0.3388151,0.4390815,-0.09930384,-0.08352357
0.4750617,-0.17723912,-0.21171463,0.14462227,0.376733,-0.17143106,-0.19923985,0.40885067,0.1863352,0.13581598
0.18977559,-0.16238832,0.36786783,-0.43900895,-0.022675395,-0.38868338,-0.42079479,0.13893127,-0.13372606,0.30952144
-0.33988452,-0.03094089,0.3813553,-0.4504153,-0.050846577,0.01578784,-0.42461914,-0.24271196,-0.46525955,-0.10114801
0.20786452,0.07341093,0.33737153,-0.26938283,0.21196699,-0.38734865,0.051814973,-0.19200438,-0.017837346,0.043961227
0.16143513,0.14360738,0.01195389,0.19024634,-0.3949492,0.37253398,-0.18147618,-0.47784966,0.4529819,0.16217351
-0.15535492,0.44020808,0.13467485,0.20088482,0.1854173,-0.04561448,-0.4878441,-0.42505282,0.49741948,0.26603556
-0.2490691,0.16862893,-0.23276764,-0.21371186,0.012578785,-0.21889722,-0.31949008,-0.15999359,0.28849405,0.4591449
-0.38074183,-0.29215425,-0.072610855,0.025036335,0.3833511,0.2536456,0.18586433,0.2396642,-0.07715523,-0.028861761
0.26277798,-0.194592,-0.2005651,-0.13431734,-0.47394556,-0.23641032,-0.15636533,0.24750012,-0.23284453,-0.3446167
0.47594672,0.41005933,-0.035441577,-0.39946353,-0.36841542,0.23134893,0.4990272,-0.3326974,0.27733392,-0.10278654
0.36769694,-0.41796184,0.36292124,-0.17492229,-0.08234072,0.3812552,0.07737142,-0.25730616,-0.12990999,-0.16044283
0.38522112,0.11176175,0.0700503,0.30760062,0.35631716,0.059315145,-0.48436922,-0.047606587,-0.3489408,-0.3412202
0.45932257,0.12963003,0.48550707,-0.16260493,-0.038457334,-0.36414522,0.26102114,-0.33086956,-0.32190806,-0.27133405
0.47477192,0.49210376,0.4528709,0.00020623207,-0.14937848,-0.03477633,0.18891054,-0.21904778,0.1461196,-0.056589365
-0.04870969,-0.4120193,0.19510388,-0.23863828,-0.17831331,-0.35836196,-0.31118113,-0.26272202,-0.35508782,-0.2816314
-0.0074198246,0.027146995,0.21058047,-0.16944599,-0.33009344,0.4232108,-0.009090006,-0.14547652,0.20202148,-0.23634481
0.27134705,0.088026464,-0.25025916,0.31889707,-0.25370663,0.47083938,-0.4304257,0.33590943,-0.3062203,0.12687218
-0.35205233,-0.18569654,0.09928197,0.111047566,0.21936935,0.3473857,0.4398908,-0.28792304,0.22546637,0.36513722
0.10892576,0.15023118,0.11523348,-0.4040634,-0.26157713,0.27539563,-0.08422303,-0.22772515,0.45380473,0.46287912
0.25126988,0.1308431,0.045030594,-0.27643996,-0.4844802,0.42914957,-0.39686877,-0.08433783,0.035476744,-0.49453324
-0.12141597,0.4712537,0.20915848,0.0709281,0.12248802,-0.20731843,-0.3948905,-0.01219064,0.32298446,0.1851216
0.34826338,0.06582105,-0.394585,-0.4988705,0.16590184,0.12398279,0.3415532,0.42277926,0.36051673,0.33906758
0.11723912,-0.48222494,-0.13154125,0.416458,-0.13623774,-0.11642623,-0.029661417,-0.3533705,-0.373465,0.3128693
0.22354281,0.047350526,0.018697143,0.46457255,0.4077742,-0.2907055,0.02462387,0.08005935,-0.04881352,-0.03987068
0.20653427,-0.45473355,0.09980917,-0.24834192,0.29445106,-0.009303331,-0.105783224,0.10445893,0.1290366,0.013954282
0.1453358,0.2965423,0.46869266,-0.46859503,0.30783862,-0.2188536,0.021503985,-0.28973663,-0.1992684,0.479635
-0.06639564,0.317105,-0.36295658,0.0021784902,-0.47205412,-0.46427763,0.4937656,-0.12193841,0.22694814,0.2828095
0.35147113,-0.16090798,-0.015578806,0.18510842,0.1888833,-0.321257,0.17841595,-0.10877985,-0.44473702,0.2539146
0.088540554,-0.18157506,-0.11882335,0.33990908,0.06010282,-0.110104024,-0.039636016,-0.44392157,0.23841715,-0.27924567
-0.44681644,0.3052497,0.26089275,0.13637608,0.44203275,-0.25998247,0.2782486,-0.07605302,-0.3113528,-0.18441486
0.1267525,-0.038869083,0.24207163,-0.10180771,0.1797741,-0.16438705,-0.15810579,0.2960623,0.4999587,0.06963754
0.01497525,-0.31142402,-0.2529624,-0.42687923,-0.05140239,0.46234125,-0.34128994,0.2065506,-0.16761106,0.21185851
0.3275742,0.19750476,0.045675993,-0.07054049,0.29986137,-0.0011268854,-0.360416,0.122305155,-0.23240209,0.19917548
-0.22404635,-0.3208934,-0.24833232,0.02484274,-0.139512,-0.47420353,-0.07845396,-0.07412553,-0.4039343,-0.46077985
-0.16297525,-0.13061959,-0.4562676,0.2652939,-0.38197988,0.15388381,0.23823202,0.11054623,0.028320432,-0.1551013
0.3257438,-0.034289718,0.02532643,-0.30029923,0.035241425,-0.28993225,-0.48233575,-0.33446646,-0.18872595,-0.22692114
-0.13498813,0.3872838,-0.40193182,0.3438394,-0.47091234,0.4291461,-0.24073213,0.3691216,-0.27955472,-0.39914978
-0.15814602,0.27959245,-0.09657925,-0.03700435,0.045168698,0.24077863,0.37253797,0.35077834,-0.22555685,0.21602434
-0.43347186,0.21324128,0.050194323,0.39447892,0.39916766,-0.27139485,-0.023358583,-0.17459118,-0.4090116,0.43079436
-0.252083,-0.46158367,0.44550288,-0.00035345554,0.46813172,0.4492858,0.26130605,-0.017103493,-0.2635277,-0.27267104
-0.38629383,0.43099862,0.1236133,0.34651136,0.36714375,-0.41020238,-0.21371675,0.44150943,0.06981903,-0.47495782
0.28913885,0.038816094,-0.42977214,-0.00092595816,0.46687567,0.35115904,0.47456324,0.34095126,0.13949561,0.14946055
-0.09230429,-0.014350295,-0.4190669,-0.2623883,0.36913985,-0.13273013,0.42739147,-0.22854912,-0.36549133,0.064296186
-0.08262515,-0.06951249,-0.108017445,-0.122155964,0.4194805,0.0071068406,-0.3995359,-0.33071268,0.40298498,0.1808216
0.23517698,0.05733782,-0.38355803,0.099301696,0.20639974,-0.14004517,0.07969493,-0.17860842,-0.44441426,0.03771937
0.29634184,0.15896481,0.2977097,0.46351755,0.4689461,0.22387576,-0.4332106,-0.3398822,-0.38104302,-0.12802583
-0.4209062,0.02873826,-0.49789792,-0.39939028,0.16640997,-0.49285817,-0.49285597,-0.3240602,0.15191877,-0.016203463
0.44468874,-0.008779228,0.27994674,0.005709946,0.046981335,-0.36880594,0.17338032,0.22865182,0.49473345,0.08484161
0.0061933994,-0.30014735,0.49065888,0.20908451,-0.27055484,0.30677992,0.026671529,0.36447918,-0.0776093,0.39990765
0.36029333,0.20875722,-0.06186706,0.294322,-0.13897663,-0.45403135,0.11480248,0.23579335,0.039006054,-0.05052501
0.19510692,-0.33420056,0.077614665,-0.068350375,-0.48544812,0.034036696,0.22178978,0.15955377,0.17596543,-0.320822
-0.18513817,-0.48204195,0.43119633,0.23131949,-0.012782872,0.4805879,0.2601859,-0.016416669,-0.31703663,0.19217181
-0.35990018,0.0965476,0.2152586,-0.19701916,0.42095107,0.13096535,-0.4725181,0.18245292,0.34551138,0.36428106
-0.24109262,0.19313562,0.39184332,-0.08029562,0.43143386,0.22964287,0.19199198,-0.48372173,0.12768233,-0.11395162
0.38847524,-0.48838204,-0.43009025,-0.41944247,-0.041801453,-0.14929569,0.30467266,0.07267672,-0.12478775,0.28960133
0.32417107,0.22832018,0.11775774,-0.16999346,0.43559635,-0.40101528,-0.13638973,-0.14889503,-0.16197789,-0.15319729
-0.48357087,0.17549884,-0.43133706,-0.33816355,-0.48615128,-0.14150196,-0.28505164,-0.3029964,0.38713253,-0.35475707
-0.38360697,-0.49031764,-0.43536335,-0.15892863,-0.20243984,-0.41275144,0.2679754,0.43266952,0.07812774,0.03517562
-0.43868113,0.2697546,-0.23073775,-0.4353733,-0.48654044,0.1214124,-0.13493574,0.32986087,0.41283286,0.28406703
0.10052651,-0.26348764,0.25432223,0.078608215,0.38511384,0.16052759,-0.1687538,0.34052122,-0.3349282,-0.043946743
-0.14647073,0.3702863,0.17318243,-0.33960062,0.30941993,-0.20360583,-0.0432024,-0.31410348,0.4321816,0.26559424
-0.38894892,0.40419817,-0.21934885,-0.15970421,-0.41421294,-0.05494839,0.100280166,-0.34434706,0.030072927,0.46641737
0.3374511,-0.13466644,0.282494,0.35047126,-0.33832568,0.23931342,0.30963808,0.013852,-0.24413383,-0.41159326
0.10245788,-0.42685103,0.37011558,0.30746603,0.2955945,0.30588067,-0.2909069,-0.47841072,-0.46577185,0.44610864
0.18529081,-0.0815652,0.46644533,-0.2551965,-0.3963318,0.24667042,-0.31512505,0.15246195,0.014687359,0.34304744
0.34639728,-0.0875653,0.0067566037,0.12318319,-0.03779626,0.24302387,0.4420755,0.38295114,-0.4445718,0.21755409
-0.2605583,-0.47433293,-0.27392375,-0.009311914,0.35111278,0.3998682,0.45513684,0.07310277,-0.3871721,-0.14748603
0.11881,0.4192403,0.45306462,-0.34006214,-0.002374649,0.18643302,0.19859546,-0.38862056,0.396411,-0.12322587
-0.015029669,0.40462732,-0.2865544,-0.43940347,-0.43393016,-0.38675797,0.45019448,-0.4027475,-0.18495703,0.45835525
0.089744866,0.3000216,-0.35919052,-0.45444775,0.10223895,0.44967753,0.113292515,0.28875303,-0.30912858,-0.022017002
-0.39090455,0.23034465,-0.40350038,0.22912109,0.15119141,-0.2152896,-0.4611836,-0.26738352,-0.37838697,0.042791784
-0.46618962,0.011812866,0.38481992,-0.25193185,-0.13935298,-0.27391303,-0.3988688,-0.27401555,-0.004472971,-0.31516927
0.36474973,-0.04629278,-0.3593114,-0.34692568,0.41950935,0.082856834,-0.3560925,-0.24203128,0.053709507,0.26463646
-0.06266534,0.40571082,0.25632948,-0.2930464,0.47896767,-0.07306355,0.14557976,0.39785445,-0.41723675,-0.09461802
-0.21145552,-0.37877357,0.16406554,-0.42825115,0.059743285,-0.38170046,0.14623672,0.4292134,-0.029679358,0.3416229
0.4791385,-0.24772257,0.26293647,0.006380677,0.38557774,0.34216952,0.04835981,-0.062058747,-0.009784341,0.07095337
-0.32247996,0.3690132,-0.31041175,0.2633428,-0.47680807,0.06911397,0.1853298,0.28314048,0.19224226,-0.18523222
0.1459685,0.22020757,0.499703,0.12034744,0.15348196,0.36950213,-0.04717475,-0.07779157,0.37363887,0.049447417
0.4827519,-0.35892135,-0.17693979,-0.10516161,-0.25931865,-0.07911384,-0.22350246,-0.42361134,-0.084074974,-0.021546543
0.18471396,0.03936112,0.31184655,-0.19096541,0.41274494,-0.19522816,0.39231962,0.08261186,0.15503758,-0.24972427
0.40587962,0.37849665,-0.010705471,-0.24507564,0.41856015,0.17356455,-0.04040873,0.118000686,-0.31748664,0.4727348
-0.13409388,0.1694892,0.37809885,-0.3673597,0.49598545,0.2949646,0.49349672,0.40475512,0.2801113,-0.19095027
-0.1922884,-0.22560006,-0.49899238,-0.39142895,0.4238255,0.46071297,0.17533404,0.031161368,0.10737914,0.06583488
-0.47793657,0.10903835,-0.2102769,-0.25442803,0.13695961,-0.28407127,-0.2688036,-0.16572177,-0.43972808,-0.2602387
0.1699779,-0.033810258,0.22307986,-0.30221623,-0.17808878,-0.20507216,0.23938066,0.3800066,0.1111899,-0.36536545
0.35948277,-0.08170384,-0.36961818,0.46401465,-0.35561544,0.43590903,-0.18290329,-0.46786356,-0.115965486,-0.23715639
0.35497862,0.20287478,-0.13110751,0.33221447,0.22246069,0.14553314,-0.34524828,-0.13520801,-0.25862074,-0.09427923
-0.38204592,0.002192676,0.29375106,-0.12875748,-0.24385792,-0.2477408,0.15930349,-0.19759429,0.016387463,0.21479136
0.25847405,-0.24815989,0.37359345,-0.46057802,-0.41540223,0.25388533,0.19339788,0.20908302,-0.17978603,0.13972247
0.48345983,0.45102286,0.42487872,-0.15789068,-0.35500383,-0.18032533,-0.02970606,-0.47513044,0.17306173,0.40007448
0.30241972,-0.3167373,-0.49433774,0.011641502,0.047823012,-0.22375005,-0.07515967,0.05284679,0.2923138,0.025862694
0.027487278,0.3762741,0.03249228,0.034778416,0.09043038,0.21625423,-0.07480043,0.09698331,0.060476124,0.466981
-0.060455024,-0.09046602,0.25912607,-0.2509721,0.49966365,0.40330094,-0.4771819,0.12640023,-0.09208864,0.051641643
0.21722353,0.070991635,0.04025513,-0.38490295,-0.18564826,0.18738657,-0.0016794205,0.16100353,-0.33792126,0.12227708
0.28255522,0.0021368265,0.07278806,-0.4850809,0.39043367,-0.2527479,-0.34037203,0.32149518,-0.24633527,0.11994034
-0.09655303,0.11944717,-0.32745248,-0.26471508,0.29439032,0.29789937,0.10542107,-0.32025748,-0.42641693,-0.39286548
-0.15497893,0.13905716,0.1461854,-0.498931,-0.24337733,-0.49909788,0.18329436,-0.016627908,0.024072468,0.18762076
0.24405158,0.25280082,-0.08142495,0.46726763,0.34795952,0.073823094,-0.49104184,0.07291263,0.47545403,0.30990487
0.009896159,-0.18206227,-0.36213428,-0.34074324,-0.27650785,0.24560535,-0.18919331,0.40778393,-0.15965182,-0.06409001
0.4785083,0.41955978,0.2808166,-0.27372885,0.49578416,-0.14389521,0.44727778,0.3337471,-0.36309224,0.43595403
-0.1526041,0.12768823,-0.45316017,0.44752872,9.953976e-05,-0.1391809,-0.2943375,-0.21806711,0.11734313,0.019477963
-0.026180089,0.39560533,0.0062027574,-0.38992327,-0.14544713,-0.12849581,-0.14265859,0.24565446,0.40393364,0.11593503
0.34816915,-0.2839616,0.48434561,-0.27074355,0.3357917,-0.48898363,0.03757876,0.061695695,0.23152018,0.46990168
0.23494965,-0.3774944,-0.22115928,0.27334863,0.22883832,-0.23210478,0.47843087,0.15286684,0.06984514,0.48006964
-0.4822886,0.1796006,-0.417377,-0.13219738,0.07496709,-0.26493686,-0.4294541,0.14415324,0.47219658,0.45836562
-0.33884782,0.26540273,-0.11930722,0.46338904,0.48216385,0.19798875,0.3955809,0.47868532,0.30304116,0.41416222
0.03598082,-0.4829179,0.13439691,0.3011198,0.10262108,-0.4652139,0.44144154,0.18106443,-0.19311869,0.25857687
-0.07850903,0.048775017,0.44489515,0.0074091554,0.36109477,-0.38014364,-0.44111824,-0.21848089,-0.45451325,-0.30550098
0.20202637,-0.12953025,0.08612883,-0.40806997,0.14916652,-0.082627535,0.2453593,-0.4528224,0.23153508,-0.47887534
-0.016347945,0.49119323,-0.46317375,-0.23303866,-0.09013337,-0.37239212,0.3211521,-0.07415211,-0.1615234,-0.30279422
-0.02151382,0.44556916,-0.4904356,-0.16754115,-0.17280889,0.18200064,-0.31281,-0.16821218,0.30299807,0.01732558
-0.16548556,-0.4408968,0.283428,-0.46974957,0.08401221,0.14195395,-0.42706835,-0.059958994,0.054871142,0.4906913
-0.21525842,-0.29948545,0.41338503,0.38183343,0.4139375,-0.41263396,-0.020339072,0.2431513,-0.16302556,-0.119467735
0.41163784,0.2203337,0.21306539,-0.27301246,-0.34956425,-0.25910705,0.007622838,0.41202927,0.04669285,-0.3473223
0.32523185,0.3573212,-0.09811139,0.16303456,-0.45556635,0.0024629235,-0.1916861,0.4758969,-0.4300691,0.14156306
-0.06937289,-0.4798981,0.23779315,0.117206514,-0.16205823,0.45236617,-0.12525749,0.15490085,-0.39556438,-0.10555065
-0.39507705,-0.3367303,0.27527404,-0.3104297,-0.3956951,-0.3421228,0.49670607,0.25940675,-0.08667952,0.31689858
0.2544374,0.35649455,-0.03842008,-0.45890975,-0.04619038,-0.37968743,0.3084731,-0.13754952,-0.21834075,0.2133637
0.20441777,-0.09633356,0.24270827,-0.1166873,-0.27329737,-0.23328918,0.45007044,0.20450652,-0.0539909,-0.29846132
0.14466631,0.19485551,-0.4533692,0.34021932,-0.21298605,0.09515172,-0.2018106,0.2250107,0.3701175,0.33158207
0.15248948,0.45675373,0.046422005,0.37136066,-0.19295728,-0.24863267,-0.03485036,0.1511209,0.040616512,-0.47122085
0.10227513,-0.0751102,0.2869966,0.37633073,-0.39347422,-0.0066337585,0.27268487,0.09585899,-0.3081628,-0.16647172
0.006144643,0.050905466,-0.274539,0.34774697,-0.28476483,0.35533476,-0.07502025,-0.30131286,-0.12505215,0.11840135
-0.4797265,-0.22911555,0.44668418,0.47145265,0.11697972,-0.42443258,-0.06727713,0.04936868,-0.13156265,0.3390149
-0.45254606,0.20688313,-0.12371665,-0.074521065,-0.45106846,0.120321035,-0.48273265,0.11754179,0.22782844,0.41506213
0.38861042,-0.194511,-0.026480854,-0.30619782,0.012005806,-0.44467682,0.0023645759,-0.3626516,0.117942095,0.32117885
-0.407081,0.45254707,-0.4695611,0.08236605,-0.4559849,0.11161113,-0.17682719,0.17945373,0.44329304,-0.38963574
-0.4612227,-0.093146026,0.10472882,-0.34245628,-0.19354773,-0.4620328,-0.4273836,0.23875833,-0.37774092,-0.28787243
0.33871323,-0.37018108,0.29655635,-0.21213472,-0.019684374,-0.12880689,-0.26445168,0.15552425,-0.035703003,0.07247639
0.08643919,0.23186272,-0.071039975,0.16413939,0.046760917,0.008871913,-0.06545514,0.2755856,0.06199622,0.08399445
-0.29901123,0.1304676,0.2827515,0.009011626,-0.49858224,0.34247088,-0.10244787,-0.2153619,-0.35125995,-0.4731226
0.1796382,-0.25086045,-0.0854969,0.1357348,0.39837408,-0.37874925,-0.2556271,-0.43641162,-0.20468074,0.48180366
-0.35020405,-0.26551408,-0.10087305,-0.39101285,-0.38150227,-0.34949207,0.49757063,-0.46715784,0.19803423,-0.15690511
0.44931507,0.4557215,-0.013670385,-0.15560883,0.32621825,-0.33833456,-0.035909414,-0.0051492453,-0.03143078,-0.17996389
0.25487936,0.28096712,0.11040497,-0.064073026,-0.034785926,-0.04714638,-0.046098053,0.11477965,0.08254498,0.4246329
-0.12876093,0.33197498,0.39652932,-0.34120995,0.17787492,0.3118419,0.44348526,-0.45784807,-0.39379185,0.27919608
0.44035637,0.3488716,-0.27679592,0.20849389,0.03331971,-0.19908005,0.27348202,0.4851362,-0.30549514,0.04892081
-0.32423997,0.3835963,0.3814916,-0.2092421,0.49841422,-0.09572965,0.19556385,0.049749494,-0.07025367,0.45491284
-0.38927495,-0.46310204,-0.0664466,0.32758623,-0.2139008,0.40229845,-0.11202103,-0.0348711,-0.49504662,0.21262056
0.061617255,0.38897854,-0.23386294,-0.030118108,0.079045475,-0.27076,-0.030947983,-0.350721,0.24492002,-0.383685
0.42764735,-0.46973306,-0.41513866,0.046493888,0.451581,-0.2552625,0.17977488,-0.42225426,0.11582214,0.14209181
0.44168496,0.14479178,0.18426007,0.13037074,-0.1383779,-0.049990058,-0.26139355,0.473552,-0.25445288,-0.04354644
0.08999407,0.18043286,0.35031146,0.3008238,-0.15328944,0.475469,0.331603,0.16959691,0.41339672,0.05413997
0.24237102,0.24545217,-0.13314867,-0.4349112,-0.22138715,-0.47472602,-0.13946831,0.10521412,0.07073456,0.24235839
-0.4119624,0.31701446,0.09039742,0.33857882,-0.019148946,-0.083081424,0.38402873,-0.27311248,0.032447457,0.4719019
-0.34233445,-0.34879524,0.1574139,0.47610003,0.1642341,0.03776121,0.021456063,-0.20707852,-0.14433324,0.33852106
-0.22142857,0.055630505,-0.006853521,0.33435267,0.08506489,-0.11115104,-0.026426315,0.28737712,0.104652524,-0.022111654
0.4193535,0.4745791,0.048512995,0.11157209,-0.296332,0.21681249,0.10120821,0.38440895,-0.21656197,-0.16877884
-0.39099532,0.13823187,0.31316054,-0.38564968,0.42360663,0.10711944,0.030215979,-0.0021548271,0.29537952,0.15433276
-0.25649947,0.23295659,-0.16837353,0.4492975,0.1855908,0.08684498,-0.18262535,0.21359903,0.38329577,-0.4322192
-0.05052042,0.0031833649,-0.07842088,-0.07323277,0.136392,0.0898394,0.2768798,-0.07912624,-0.2615773,-0.079746425
0.31403297,-0.17903268,-0.37240797,-0.4331084,0.4080702,-0.27862173,0.3268165,0.32872105,-0.15344661,0.25962025
0.49444842,0.2880833,-0.049853086,0.26024938,-0.27198178,-0.019244194,0.2328862,-0.1323291,0.39678854,0.28735572
0.2846341,0.24909973,0.21994519,-0.30524784,-0.15051967,-0.38077682,-0.0557428,0.47027802,-0.103033185,0.060053706
0.41341996,0.02381599,-0.057977736,-0.033845425,0.42292476,-0.23787844,-0.38528538,0.086158276,0.2928924,0.49693298
-0.17827487,0.2486574,0.2415458,0.016121209,-0.31986964,-0.12390685,0.34232384,-0.16449827,-0.24039364,-0.038418233
0.005435705,0.28011405,-0.26010716,0.23460329,-0.26365125,-0.09158999,-0.4914747,-0.35604262,0.21667671,0.3045652
0.23761529,-0.3970828,-0.18576407,-0.21319473,0.1254468,0.40362966,0.47152466,0.4988947,-0.034724414,0.46553397
-0.4473065,0.37337804,0.35808766,0.082092345,-0.3313706,0.13861477,-0.39066762,0.2797222,-0.074729025,-0.19627482
-0.17665106,0.44573975,0.44985527,0.31464267,0.16977721,0.0588513,-0.0909546,-0.1420505,-0.31112683,-0.07401055
0.4088788,0.15636748,0.41998327,-0.36834008,-0.1608789,0.3073228,0.039965212,-0.20358264,-0.23900652,-0.26958418
-0.062281907,0.26505417,-0.33653933,-0.09046531,0.434717,-0.14473051,0.033678055,-0.44203937,-0.3624128,0.045935154
0.49942362,-0.34377986,-0.29528058,0.06682062,0.16592914,0.39885718,0.39867347,-0.009343803,0.3270064,-0.24894089
0.43677425,-0.42449892,0.015920162,0.020380318,-0.4674083,-0.0019583106,0.10879481,-0.18662626,-0.44888735,-0.114314616
-0.016362548,-0.17490226,0.4500113,-0.34998685,0.013142824,-0.33212483,-0.32264644,-0.03252119,-0.11553013,-0.21718812
0.014919281,0.0059375167,0.2549327,0.16247708,0.30702513,0.49460304,0.27525532,0.19361848,0.06512928,-0.43657702
-0.26757717,0.4255913,-0.31633317,0.47641313,0.14407164,-0.008602202,-0.057797372,0.11953968,0.20036191,-0.29394495
0.28166795,-0.40717608,-0.08354056,0.3768413,0.1995824,-0.36203903,0.025282621,-0.09027594,0.49226636,-0.1513257
-0.06529939,-0.29323268,0.049972177,-0.12853366,-0.36437142,0.018709838,-0.0531556,0.25742948,0.13032854,0.2890187
0.39811814,0.29032332,0.21017599,0.3412168,-0.068038285,0.26287085,-0.09387839,0.23463243,-0.3537234,-0.11205286
0.16882306,-0.04376334,0.023219526,0.12515342,0.3544988,-0.16839308,-0.103563726,0.10081321,0.0011089444,0.28067374
-0.09565055,0.27258497,-0.22285044,-0.4422773,0.09168446,0.39517438,0.026562214,-0.409725,-0.2455923,-0.15355253
0.36629087,-0.15661824,0.31224835,0.25047654,-0.37764943,0.18815231,0.016135514,-0.35840994,0.27649194,-0.47170877
-0.15767813,-0.4922077,-0.35072166,0.108159184,-0.083996296,0.4887169,-0.4612586,-0.338028,-0.4528802,0.4171015
0.34092587,0.33884442,-0.18003923,-0.18825626,-0.21833253,0.19815826,-0.090277016,0.1521669,-0.313541,0.023157597
-0.46054542,-0.08266026,-0.36300135,-0.14509958,0.25613046,-0.4953208,-0.3776222,0.07312518,0.038001955,-0.47392017
-0.38190007,-0.11018747,0.26081985,-0.26291263,-0.04842192,-0.30948502,0.43489653,0.38508683,-0.30895543,-0.42306185
0.49653625,0.008286238,-0.23204458,0.011245728,0.3880766,-0.06813747,-0.2438901,-0.38791507,0.26556295,0.4868976
-0.27656692,-0.18909454,-0.30967468,0.37815994,0.3540643,0.2003476,-0.14258534,0.038050056,-0.33254737,0.1913876
-0.46427292,-0.2604506,-0.36776662,0.029682338,-0.14482945,0.4272824,0.28509015,0.49601603,-0.10287982,-0.038232327
0.1842153,0.2313543,0.02974844,-0.3057949,0.49585932,-0.2849971,0.03181535,-0.24526876,-0.014004946,0.25576413
-0.3979904,0.49800593,0.4510455,-0.2114448,0.43037814,0.26495355,0.045301437,0.1598174,0.47914696,0.21629328
-0.13680106,0.39669037,-0.12641662,0.40817314,-0.392577,-0.4957543,0.47728354,0.32068896,-0.253816,0.3288787
-0.08874518,0.30384624,0.10665405,0.49982727,0.20277661,-0.30769628,-0.24644214,0.4340552,0.016753137,-0.14558077
-0.3136657,0.25219697,-0.15116018,0.3722074,-0.11892319,0.13273674,0.067377925,0.45813626,0.47948498,-0.3781249
-0.23584193,0.45787293,0.38424063,0.33392906,0.47761202,-0.17088789,-0.49383742,-0.13888723,0.35376668,-0.41489726
0.29424125,0.26046753,-0.38207847,0.45836037,0.036271095,-0.12782484,0.043516755,0.19382274,-0.44014156,0.04751116
-0.4572178,0.20888412,0.27269208,-0.1975354,-0.06871879,-0.14946622,0.42753297,-0.15971792,-0.44698334,0.34170848
0.21954793,0.05931455,0.19900149,0.21817654,0.4413972,0.25510848,-0.08663607,-0.12883836,-0.11855912,-0.3581146
-0.22114915,0.14954126,0.23986179,0.17831308,0.27476764,0.2439096,0.16425234,0.28714335,-0.09929079,0.1010319
0.30573565,-0.09812415,0.46472234,-0.45744908,0.032396495,-0.47629702,-0.121138155,-0.375762,-0.4948132,-0.2357834
-0.18325907,0.2231192,-0.26896363,0.09424901,-0.4215827,-0.098119736,0.49200022,-0.08356345,-0.35120296,-0.40150315
0.48068595,-0.2526495,0.17616045,0.260499,0.22428358,-0.04179859,0.07786578,0.21969092,0.34685397,0.07957572
0.49103284,-0.066188574,0.4768188,-0.49003965,0.3194154,0.106550634,0.44025832,-0.16162479,0.09538001,0.045009255
-0.16879159,0.30810982,-0.37876046,0.266568,-0.464324,0.087323904,-0.23374575,-0.19874984,-0.4980629,-0.2603858
0.18916506,0.4773203,-0.33438033,-0.39707524,-0.18901354,-0.21600688,-0.21045,-0.050433874,-0.2883774,-0.12549865
0.4368593,0.23995417,0.4454432,-0.23941267,0.35157597,0.3525058,-0.48607326,-0.39979035,0.0808987,-0.032491088
-0.26202303,-0.3454402,0.17738229,-0.0480358,-0.45940262,0.18606997,-0.46150625,0.37314343,-0.41614646,0.03673166
0.37955832,0.09163761,-0.334498,-0.3897401,0.304519,0.2964403,0.44597828,-0.14511484,0.12085658,0.090621054
